Moroccan,Moroccan Arabic,Arabic,French,English
lmofradat,مفردات,المفردات,vocabulaire,vocabulary
boldane,بلدان,البلدان,pays,country
oustouraliya,استراليا,أستراليا,australie,Australia
kombodje,كامبودج,كمبوديا,cambodge,Cambodia
canada,كندا,كندا,canada,Canada
chinwa,شينوا,الصين,chine,China
misre,مصر,مصر,egypte,Egypt
naglize,نجليز,انكلترا,eangleterre,eangleterre
fransa,فرانسا,فرنسا,france,France
almaniya,المانيا,ألمانيا,allemagne,Germany
lyounane,ليونان,اليونان,grece,Greece
hind,لهند,الهند,inde,India
andounissiya,أندونيسيا,أندونيسيا,indonisie,indonisie
taliane,طاليان,إيطاليا,italie,Italy
japoune,جاپون,اليابان,japon,Japan
lmixik,لمكسيك,المكسيك,mexique,Mexico
lmaghrib,لمغريب,المغرب,maroc,Morocco
lpirou,لپيرو,بيرو,perou,Peru
sbaniya,سبنيا,إسبانيا,espagne,Spain
taylande,طايلاند,تايلاند,thailand,thailand
mirikane,ميريكان,الولايات المتحدة الأمريكية,amerique,America
loghat,لوغات,لغات,langues,languages
l3arbia,لعربية,العربية,arabe,Arab
chinwiya,شينويا,الصينية,chinoise,Chinese
nagliziya,نجليزية,الإنجليزية,anglaise,English
fransawiya,فرنساويا,الفرنسية,francaise,French
almania,المانيا,الألمانية,allemande,German
younaniya,يونانيا,اليونانية,grec ,Greek
ihoudiya,يهودية,العبرية,hebreu,Hebrew
hindiya,هندية,الهندية,hindi,Hindi
italiya,ايطالية,الإيطالي,italien,Italian
japoniya,جابونية,اليابانية,japonais,Japanese
kordiya,كورية,الكورية,koreen,Koreen
latiniya,لاتينية,لاتينية,latin,Latin
roussiya,روسية,الروسية,russe,Russian
spaniouliya,صبليونية,الأسبانية,espagnole,Spanish
2ordia,الاردية,الأردية,urdu,Urdu
lyamate,ليامات,أيام,jours,days
tnine,تنين,الاثنين,lundi,on Monday
tlate,تلات,الثلاثاء,mardi,Tuesday
larb3a,لاربعا,الأربعاء,mercredi,Wednesday
5amis,الخميس,الخميس,jeudi,Thursday
jam3a,جمعة,الجمعة,vendredi,Friday
sabte,سبت,السبت,samedi,Saturday
7add,الحد,الأحد,dimanche,Sunday
marra,مرة,مرة,fois,times
sa3a,ساعة,ساعة,heure ,hour
d9i9a,دقيقة,دقيقة,minute,minute
taniya,تانية,تانية,seconde,second
sme7lia,سمحلي,اسف,pardon,sorry
besse7a,بصحة,تهاني,felicitations,Congratulations
beslama,بسلامة,وداعا,au revoir,goodbye
bessa7,بصح,حقا,c’est vrai,That is true
salam,سلام,مرحبا,salut,Hi
wa7ed,واحد,واحد,un,a
jouj,جوج,اثنان,deux,two
tlata,تلاتة,ثلاثة,trois,three
reb3a,ربعة,اربعة,quatre,four
5emsa,خمسة,خمسة,cinq,five
setta,ستة,ستة,six,six
seb3a,سبعة,سبعة,sept,seven
tmania,تمنية,ثمانية,huit,eight
tes3oud,تسعود,تسعة,neuf,new
3achra,عشرة,عشرة,dix,ten
iyeh,إييه,بالطبع,biensur,of course
Lla,لا,لا,non,no
3afak,عافاك,ارجوك,s’il vous plait,please
chokran,شكرا,شكرا,merci,thank you
Kanbghik,كنبغيك,احبك,je t’aime,I love you
Twe77eshtek,توحشتك,اشتقت,tu me manques,I miss you
Bezzaf,بزاف,كثير,beaucoup,a lot
chwia,شوية,قلبل,peu,little
Wakha,واخا,نعم,oui,Yes
Daba,دابا,حالا,maintenant,now
W,و,و,et,and
Mashi,ماشي,ليس,n’est pas,is not
Bghit,بغيت,اريد,je veux,I want
Salit,ساليت,انتهيت,j’ai terminé,I'm done
Zwin,زوين,جميل,beau ,handsome
5ayb,خايب,قبيح,moche,ugly
Mezyan,مزيان,جيد,c’est bien,it's good
hder,هضر,تكلم,parle,speak
fhem,فهم,فهم,comprend,comprises
flous,فلوس,نقود,argent,money
Hak,هاك,خد,tiens,here
Safi,صافي,مفهوم,compris,understood
Mebrouk,مبروك,مبروك,congratulations,congratulation
3ya,عيا,تعب,fatigue,tired
twalit,طواليط,مرحاض,toilette,toilet
7edash,حضاش,احد عشر,onze,eleven
Tenash,طناش,اثتا عشر,douze,twelve
Teletash,تلطاش,ثلاثة عشر,treize,thirteen
Rebe3tash,ربعطاش,اربعة عشر,quatorze,fourteen
Khemstash,خمسطاش,خمسة عشر,quinze,fifteen
Settash,سطاش,ستة عشر,seize,sixteen
Sebe3tash,سبعطاش,سبعة عشر,dix sept,seventeen
Tementash,تمنطاش,ثمانية عشر,dix huit,eighteen
Teze3tash,تزعطاش,تسعة عشر,dix neuf,nineteen
7la9em,حلاقم,لوزتين,amygdales,tonsils
Le7ia,لحية,لحية,barbe,beard
Fomm,فم,فم,bouche,mouth
Dra3,دراع,دراع,bras,arms
Mo5,مخ,مخ,cerveau,brain
Sh3er,شعر,شعر,cheuveux,Hair
Shefr,شفر,رمش,cils,eyelashes
9elb,قلب,قلب,coeur,heart
3en9,عنق,عنق,cou ,neck
Senna,سنة,سن,dent,tooth
Sbe3,صبع,اصبع,doigt,finger
Deher,ضهر,ظهر,dos,back
Ktef,كتف,كتف,epaule,shoulder
Me3da,معدة,معدة,estomac,stomach
Kebda,كبدة,كبد,foie,liver
Jebha,جبهة,جبهة,front,forehead
Rekba,ركبة,ركبة,genou,knee
7el9a,حلق,حلق,gorge,throat
7enk,حنك,حنك,bouche,mouth
lsan,لسان,لسان,langue ,language
yedd,يد,يد,main ,hand
Ders,ضرس,ضرس,pignon,pinion
Nif,نيف,انف,nez,nose
3in,عين,عين,œil,eye
Defer,ضفر,ظفر,ongle,nail
Wden,ودن,ادن,oreille,hear
srdine,سردين,سردين,sardine,sardine
3dem,عضم,عظم,os,bone
Jeld,جلد,جلد,chaire,pulpit
Rjel,رجل,رجل,pied,foot
Sder,سدر,صدر,poitrine,chest
Riya,رية,رئة,poumon,lung
7ajeb,حاجب,حاجب,sourcil,eyebrow
Ras,راس,راس,tete,head
3er9,عرق,عرق,sueur,sweat
Kersh,كرش,كرش,rumen,rumen
Wjeh,وجه,وجه,visage,face
Zebda,زبدة,زبدة,beurre,Butter
Meslouq,مسلوق,مسلوق,bouilli,boiled
Qehwa,قهوة,قهوة,café,coffee
Kofitir,كوفيتير,مربا,confiture,jam
Kamoun,كامون,كمون,cumin,cumin
Ma,ما,ماء,eau,water
Degig,دڭيڭ,دقيق ,la farine,flour
Meqli,مقلي,مقلي,frit,fried
Fermaj,فرماج,جبن,fromage,cheese
Fakia,فاكية,فاكهة,fruits,fruits
7elwa,حلوة,حلوة,sucrée,sweet
Zit,زيت,زيت,huile,oil
3asir,عصير,عصير,jus,juice
7lib,حليب,حليب,lait,milk
Khodra,خضرة,خضروات,legumes,vegetables
3des,عدس,عدس,lentilles,lentils
3sel,عسل,عسل,miel,honey
Bida,بيضة,بيضة,œuf,egg
Khobz,خبز,خبز,pain,bread
7out,حوت,سمك,possoin,possoin
Ibzar,إبزار,إبزار,poivron,pepper
Rouz,روز,ارز,riz,rice
Meshwi,مشوي,مشوي,grillé,wire rack
Shelada,شلاضة,سلطة,salade,salad
Mel7a,ملحة,ملح,sel,salt
7rira,حريرة,حساء,soupe,soup
Sekkar,سكر,سكر,sucre,sugar
Atay,أتاي,شاي,thé,tea
L7em,لحم,لحم,viande,meat
Khell,خل,خل,vinaigre,vinegar
Shkoun,شكون,من,Qui ,who
Ashno,أش شنو,مادا,Quoi ,What
3lash,علاش,لما,Pourquoi ,Why
Lash,لاش,لمادا,Pour quelle raison ,Why
Fin,فين,اين,ou ,or
Imta,فوقاش,متا,quand,when
Lemen,لمن,لمن,pour qui,for who
Kifash,كيفاش,كيف,comment,How? 'Or' What
Sh7al,شحال,كم,combien,how much
Feddi,فضي,فضي,Argent,Money
Bij,بيج,بيج,Beige,Beige
Byed,بيض,ابيض,Blanc,White
zre9,زرق,ازرق,Bleu,Blue
Shibi,شيبي,وردي,Bleu ciel,Sky blue
Grouna,ڭرونة,رمادي,Bordeaux,Bordeaux
Rmadi,رمادي,رمادي,Gris,Grey
Sfer,صفر,اصفر,Jaune,Yellow
9ehwi,قهوي,بني,Marron,Brown
Mauve,موڤ,بنفسجي,Mauve,Mauve
K7el,كحل,اسود,Noir,Black
5ezzi,خزي,خزي,Olive,Olive
Dehbi,دهبي,دهبي,Or,Gold
Limouni,ليموني,برتقالي,Orange,Orange
Ponja,بونجة,اسفنجة,eponge,sponge
7mer,حمر,احمر,Rouge,Red
7aris,حارس,حارس,gardien,guardian
5der,خضر,اخضر,Vert,Green
Banafsaji,بنفسجي,بنفسجي,Violet,Purple
7amd,حامض,حامض,Acide,Acid
Nashit,نشيط,نشيط,Actif,Active
Sharf,شارف,عجوز,Âgé,Age
9dim,قديم,قديم,Ancien,Former
Temma3,طماع,طماع,Avide,greedy
Mezian,مزيان,جيد,bien,good
me7rou9,محروق,محروق,Brûlé,burnt
Meherres,مهرس,مكسر,Cassé,Broken
Meshehour,مشهور,مشهور,Célèbre,Popular
Met2akked,متأكد,متأكد,Certain,Certain
s5oun,سخون,ساخن,Chaud,Hot
Ghali,غالي,غالي,Cher,Expensive
3ziz,عزيز,عزيز,Cher (valeur affective),Dear (emotional value)
Mferkes,مفركس,انيق,Chic,Chic
Wade7,واضح,واضح,Clair,Clear
m3e9ed,مْعقّدْ,مْعقّدْ,"Complexé, compliqué","Complex, complicated"
Mori7,مريح,مريح,Confortable,Comfortable
Me3rouf,معروف,معروف,Connu,Known
9asir,قصير,قصير,Court,Short
Tayeb,طايب,مطهي,Cuit,Cooked
Khatir,خطير,خطير,Dangereux,Dangerous
Fate7,فاتح,فاتح,De couleur claire,Light in color
ghame9,غامق,غامق,De couleur foncée,Dark color
Bnine,بنين,طيب,Délicieux,Delicious
Mrewwen,مرون,قوضوي,Désordonné,Messy
Wa3er,واعر,رائع,Difficile,Difficult
3ali,عالي,عالي,Elevé,Student
Me7sad,محساد,حسود,Envieux,Envious
7ar,حار,حار ,Épicé,Spice
jerreb,جرب,جرب,"Étourdi, pris de vertige","Stunned, dizzy"
mdye9,مضيق,ضيق,Étroit,Narrow
Sahel,ساهل,سهل,Facile,Easy
Daser,ضاسر,زعيم,Farfadet,Leprechaun
3iyyan,عيان,تعب,Fatigué,Tired
Mesdoud,مسدود,مقفل,Fermé,Closed
7me9,حمق,حمق,Fou,Crazy
Bared,بارد,بارد,Froid,Cold
Me3esseb,معصب,متعصب,Furieux,Mad
s5i,سخي,سخي,Généreux,Generous
Drif,ضريف,ضريف,Gentil,Kind
Kbir,كبير,كبير,Grand,great
Ghelid,غليض,غليض,gros,large
msetti,مسطي,احمق,Habile,clever
Fer7an,فرحان,فرح,Heureux,Happy
Mohim,مهم,مهم,Important,Important
Bari2,بريء,بريء,Innocent,Innocent
Dki,دكي,دكي,Intelligent,Clever
Meghyar,مغيار,غيور,Jaloux,Jealous
Zwin,زوين,جميل,Joli,Pretty
3erid,عريض,عريض,Large,Large
Khfif,خفيف,خفيف,Léger,Lightweight
B3id,بعيد,بعيد,Loin,Far
Twil,طويل,طويل,long,long
t9il,تقيل,تقيل,Lourd,Heavy
r9i9,رقيق,رقيق,Maigre,Skinny
Mrid,مريض,مريض,Malade,Sick
9bi7,قبيح,قبيح,Mauvais,Bad
M5ellet,مخلط,مختلط,Mélangé,Mixed
Khayeb,خايب,قبيح,Moche,Ugly
3esri,عصري,عصري,Moderne,Modern
Rteb,رطب,رطب,Mou,Soft
Fazeg,فازڭ,مبلل,Mouillé,Wet
Metwesset,متوسط,متوسط,Moyen,Way
Zizoun,زيزون,ابكم,Muet,Mute
Tabi3i,طبيعي,طبيعي,Naturel,Natural
Darouri,ضروري,ضروري,Nécessaire,Necessary
Ktir,كتير,كتير,Nombreux,Numerous
3adi,عادي,عادي,Normal,Normal
Jedid,جديد,جديد,nouveau,new
Mesheghoul,مشغول,مشغول,Occupé,Busy
Me7loul,محلول,مفتوح,Ouvert,Open
Sghir,صغير,صغير,Petit,Small
9lil,قليل,قليل,Peu,Little
r5iss,رخيص,رخيص,Peu cher,Cheap
M2eddeb,مؤدب,مؤدب,Poli,Polished
She3bi,شعبي,شعبي,Populaire,Popular
9rib,قريب,قريب,Proche,Close
n9i,نقي,نقي,Propre,Clean
5anez,خانز,كريه,Puant,Stinking
7resh,حرش,احرش,Rêche,Rough
3amer,عامر,مملوء,Rempli,Filled
Mo7taram,محترم,محترم,Respectable,Respectable
faye9,فايق,مستيقظ,Réveillé,Wake up
Mdewwer,مدور,مدور,Rond,Round
Mossekh,موسخ,متسخ,Sale,Dirty
Male7,مالح,مالح,Salé,Dirty
Nashef,ناشف,جاف,Sec,Dry
7essas,حساس,حساس,Sensible,Sensitive
Saket,ساكت,صامت,Silencieux,Quiet
9ase7,قاصح,قاسي,Solide,Solid
Wase3,واسع,متسع,large,large
mkelle5,مكلخ,بليد,Stupide,Dumb
7lo,حلو,حلو,Sucré,Sugar
M3ettel,معطل,متأخر,tardif,late
Dafi,دافي,دافئ,Tiède,Lukewarm
7achoumi,حشومي,خجول,Timide,Shy
beldi,بلدي,تقليدي   ,Traditionnel,Traditional
Madi,ماضي,حاد,Tranchant,sharp
m9elle9,مقلق,غاضب,Triste,Sad
Khawi,خاوي,فارغ,Vide,Empty
t9lidi,تقليدي,تقليدي,ancien,former
sbitar,صبيطار,مستشفا,hopital,hospital
pikala,بيكالة,دراجة,velo,bike
tomobil,طوموبيل,سيارة,voiture,car
pici,بيسي,كمبيوتر,ordinateur,computer
boula,بولة,مصباح,ampoule,bulb
9ach 9achd,قاشقاش,غميضة, cache cache,cache cache
3attach,عطاش,عامل,homme travaillant à la tâche,man working on the task
arre,اري,موقف,arret,stop
Atansiou,اطانسيو,احدر,attention,Warning
Babor,بابور,باخرة,bateau,boat
Baguitta,باكيطا,خبز,pain,bread
Bakiya,باكية,علبة,boite,box
Balcone,بالكون,شرفة,balcon,balcony
Baliza,باليزا,حقيبة,valise,suitcase
Ballone,بالون,كرة,balon,balon
Batroune,باطرون,رئيس,patron,boss
bermassioun,برمسبون,ادن,permission,permission
Befane,بيفان,مكبر صوت,haut parleur,loud speaker
Bikoup,بيكوب,عربة,pickup,pickup
Barwita,برويطة,عربة,brouette,wheelbarrow
Baspour,باسبور,جواز سفر,passeport,passport
Bataillou,باطايو,محارب,bataillant,battling
Batema,باطيمة,شقة,appartement,apartment
Banka,بانكا,بنك,banque,bank
Barabole,بارابول,صحن,parabole,parable
Barbrise,باربرز,زجاج,pare brise,windshield
Bariziana,باريزيانا,خبز,pain,bread
Bart9iz,بارطقيز,برتغال, Portugais,Portuguese
Birou,بيرو,مكتب,bureau,office
Biassa,بياسا,قطعة,piece,room
fabor,فابور,مجان,gratuit,free
Bichklita,بيشكليطة,دراجة,bicyclette,bicycle
Bidou,بيدو,قنينة,bidon,can
Bijama,بيجاما,ملابس نوم,"pyjama,","pajamas,"
Bijou,بيجو,مجوهرات,bijoux,jewelry
Birra,بيرا,بيرة,bierre,beer
Bit,بيت,غرفة,chambre,bedroom
Bitagaz,بيطاغاز,فنينة غاز,butagaz,butagaz
blacar,بلاكار,خزانة,placard,cupboard
Blaka,بلاكا,لافتة,plaque,plate
Blassa,بلاصة,مكان,place,square
Blindi,بلاندي,قوي,blindé,armored
Blombi,بلومبي,سمكري,plombier,plumber
Blousa,بلوزا,سترة,blouson,jacket
Blouza,بلوزا,سترة,blouson,jacket
bogoss,بوكوص,جميل,beau gosse,handsome kid
Boita,بواطة,علبة,boitier,housing
Bombiya,بومبيا,اطفاء,pompier,firefighter
bonokasio,بونوكازيو,مستعمل,bon occasion,good opportunity
Botona,بوطونة,زر,bouton,button
Boudra,بودرة,بودرة,poudre,powder
Boussa,بوسة,قبلة,bisou,kiss
Bouftik,بوفتيك,مشوي,bifteck,steak
Boulice,بوليس,شرفة,police,police
Boulissi,بوليسي,شرطي,policier,police officer
Boune,بون,ايصال,recipissé,receipt
Brossi,بروصي,غرامة,procès,trial
Braki,براكي,انعرج,virage,turn
Branchi,برانشي,توصيل,brancher,connect
Bricoule,بريكول,عمل,bricole,tinker
Brize,بريز,مقبس,prise,taking
Broblime,بروبليم,مشكل,probleme,problem
Cabrane,كابران,رئيس,patron,boss
Cader,كادر,اطار,cadre,frame
Canappi,كانابي,اريكة,canappé,Canappe
Carabila,كارابيلا,بندقية,carabine,carbine
carda,كاردا,بطافة,carte,map
Carni,كارني,دفتر,carnet,notebook
Cartonna,كارطونة,علبة,carton,cardboard
caske,كاسك,خودة,casque,helmet
Cassecrotte,كاسكروط,شطيرة,sandwich,sandwich
Casserona,كاسرونة,مقلاة,casserole,pan
Cassetat,كاسيطات,اسطوانة,cassettes,tapes
Certafika,سرتافيكا,شهادة,certificat,certificate
champpane,شامبان,شامبو,shampoo,shampoo
Chanteyyo,شانتيو,عينة,echantillon,sample
charjane,شارجان,رئيس,chargé,charge
Chauffage,شوفاج,تسخين,chauffage,heater
coiffoura,كوافورا,حلاقة,coiffeuse,dressing table
Cidi,سيدي,اسطوانة,cd,CD
cima,سيما,اسمنت,ciment,cement
Chifor,شيفور,سائق,chauffeur,driver
Chik,شيك,انيق,chic,chic
Chiniwi,شينوي,صيني,chinois,Chinese
Chklat,شكلاط,شوكولاتة,chocolat,chocolate
Chlada,شلاضة,سلطة,salade,salad
Chofo,شوفو,انظروا,regarder,watch
Tirran,تيران,ملعب,terrain,ground
Titsuit,تيتسويت,بسرعة,tout de suite,right now
Tkonnecta,تكونكطا,اتصل,connecter,log on
Tobiss,طوبيس,حافلة,bus,bus
Tola,طولة,طول,longueur,length
Tolanti,طولانطي,دكي,intelligent,clever
Tonobile,طونوبيل,سيارة,automobile,automotive
torizatio,طوريزاسيو,ادن,autorisation,authorization
touni,توني,قميص,tenue,outfit
Traboblik,طرابوبليك,اشغال,travaux publiques,public Works
trakss,طراكس,الية,trax,trax
Trane,تران,قطار,train,train
Zmagri,زماكري,مهاجر,immigré,immigrant
Zmagria,زماكريا,مهاجرة,immigrée,immigrant
Tricinti,نريسينتي,كهربائي,electricien,electrician
Triciyanne,تريسيان,كهربائي,electricienne,electrician
Trikou,تريكو,قميص,tricot,knitting
Trini,تريني,تدرب,s’entrainer,practice
wiskiyya,ويسكيا,خمر,whisky,whiskey
Xciri,كسيري,اسرع,accelere,accelerated
zina,زينة,جميلة,belle,beautiful
Conta,كونطا,محاسبة,comptabilité,Accountability
Contable,كونطابل,محاسب,Comptable,Accounting
Contrada,كونطرادا,اتفاق,Accord,Agreement
Contour,كونتور,عداد,compteur,counter
Controlour,كونطرولور,مراقب,Observateur,Observer
Corsa,كورسا,سباق,course,race
Costa,كوصطا,محضر,constat,finding
Coufitire,كوفيتير,مربا,Confiture,jam
Coulandere,كولاندير,هواء,Air,Air
Coumissire,كوميسير,شرطة,Police,Police
Coumissiyou,كوميسيو,فائدة,commission,commission
Counji,كونجي,عطلة,congé,leave
Cridi,كريدي,قرض,crédit,credit
Courda,كوردا,حبل,corde,rope
Courti,كورتي,وسيط,Intermédiaire,Intermediate
Cryone,كريون,قلم,Stylo,Pen
Couzina,كوزينا,مطبخ,Cuisine,Cooked
dipanaj,ديباناج,انقاد,dépannage,help
directour,ديريكتور,مدير,directeur,director
Dissire,ديسير,تحلية,dessert,dessert
ditay,ديطاي,تفصيل,détail,detail
Djine,دجين,جينز,Jeans,Jeans
Dossé,دوسي,ملف,dossier,folder
Douachche,دواش,استحمام,Douche,Shower
Doublvi,دوبلفي,جديد,Nouveau,New
elgaraj,الكراج,مراأب,Garages,garages
Douzyam mitta ,دوزياميطا,شوط ثاني,Mi-temps,Half time
digri,ديكري,درجة,Degré,Degree
darb,ديميردي,تقاتل,Se battre,To fight
Diffou,ديفو,مشكل,Problème,Problem
Digage,ديكاج,اخرج,Sortir,Exit
Fabor,فابور,مجاني,Gratuit,Free
Factoura,فاكتورة,فاتورة,Facture,Bill
Fakance,فاكانص,عطلة,Vacances,Holidays
Fakanssi,فاكانصي,سائح,Touriste,Tourist
Famila,فاميلا,عائلة,La famille,Family
Farchita,فرشيطا,شوكة,Fourchette,fork
Fargonite,فركونيط,سيارة,Voiture,Car
Farina,فرينة,دقيق,Attention,Warning
Farmaciyane,فرماصيان,صيدلية,Pharmacie,Pharmacy
Farmage,فرماج,جبن,fromage,cheese
Fasma,فاصمة,ضمادة,Bandage,Bandage
Fautouye,فوطوي,اريكة,canapé,sofa
Fayage,فاياج,حمولة,Charge,Charge
Feniyane,فنيان,كسول,Paresseux,Lazy
Fersada,فرصادا,واجهة,interface,interface
Fermli,فرملي,ممرض,Infirmièr,Male nurse
féria,فريا,فاشل,Échoué,Failed
Figoura,فيكورا,وجه,Visage,Face
Fijta,فيجطا,حفلة,Concert,Concert
Filage,فيلاج,قرية,Village,Town
Firma,فيرما,مزرعة,Ferme,Closed
Garanti,كارانطي,مضمون,Garanti,Guaranteed
Garçone,كارصون,ولد,garcon,boy
Garro,كارو,سيجارة,Cigarette,Cigarette
Garssone,كارصون,ولد,garcon,boy
Garssoniyya,كارصونيا,بنت,Fille,Girl
Gazouza,كازوزا,مشروب,Boire,To drink
Gharrafe,غراف,اناء,Pot,Pot
Godrone,كودرون,طريق,Route,Road
Gouma,كوما,ممحاة,Gomme,Rubber
Grissoune,كريسون,مرافق,assistant,assistant
Griyage,كرياج,سياج,Clôture,Fenced
Growa,كروا,حفارة,grue,crane
Gualizi,كاليزي,وثق,légaliser,legalize
guidoune,كيدون,مقود,guidon,handlebar
Guirra,كيرا,حرب,Guerre,War
Guitara,كيتارا,قيثارة,Guitare,Guitar
5izou,خيزو,جزر,carotte,carrot
bzaf,بزاف,كتير,beaucoup,a lot
tilifone,تلفون,هاتف,téléphone,phone
korsi,كرسي,كرسي,chaise,chair
berrad,براد,براد,thermos,thermos
atay,اتاي,شاي,thé,tea
valiza,فاليزا,حقيبة,valise,suitcase
srwal,سروال,سروال,pantalon,trousers
trikot,تريكو,قميص,tricot,knitting
tbe3,طبع,طبع,tamponner,stamp
7lem,حلم,حلم,réver,dream
dreb,ضرب,ضرب,frapper,hit
hreb,هرب,هرب,s’enfuit,runs away
l3eb,لعب,لعب,jouer,to play
3lem,علم,اعلم,informer,inform
ztem,زطم,زطم,détruit,destroy
mne3t,منعت,هرب,s’enfuit,runs away
chokran,شوكران,شكرا,merci,thank you
doz,دوز,مر,passe,past
7ok,حك,حك,frotter,scrub
dfen,دفن,دفن,enterrer,bury
gol,قول,قل,dit,said
kteb,كتب,كتب,écrit,written
chahada,شهادة,شهادة,attestation,certificate
hez,هز,حمل,porter,carry
5li,خلي,اترك,laisser,let
inspiriti,انسبيريتي,الهم,inspirer,Inspire
ba9i,باقي,لازال,reste,rest
7kem,حكم,حكم,juger,judge
saffa9,صفّق,,taper,clap
wadda7,وضح,,clarifier,clarify
naddaf,نقا,,nettoyer,clean
sarra7,سرح,,propre (tuyaux),clean (pipes)
5ana9,خنق,,sabot,clog
sadd,سد,,proche,close
ghammad,غمض,,ferme les yeux,close eyes
barrad,برد,,"froid, faire","cold, to make"
rab,راب,,effondrer,collapse
ja,جا,,viens,come
amer,أمر,,"commande, commande à quelqu'un","command, order someone"
3alla9,علق,,commentaire,comment
9arn,قارن,,comparer,compare
tcheka men,تشكا من,,se plaindre de,complain about
tcheka 3la,تشكا علا,,se plaindre à,complain to
kemmel,كمل,,Achevée,complete
rekkez,ركز,,concentrer,concentrate
hemm,هم,,préoccupation,concern
htem,هتم,,"concerné par, être","concerned with, to be"
3taref,عترف,,avouer,confess
7ayyer,حير,,embrouiller,confuse
7ar,حار,,"confus, être","confused, to be"
henne2,هنأ,,féliciter,congratulate
serref,صرف,,conjuguer,conjugate
rbet,ربط,,relier,connect
tchawr,تشاور,,consulter avec,consult (with)
tasel,تصل,,"contacter, communiquer (appeler au téléphone)","contact, communicate (call on phone)"
rda,رضا,,"content avec, être","content with, to be"
stamer,ستمر,,Continuez,continue
tabe3,تابع,,poursuivre les études,continue studies
sahem,ساهم,,contribuer,contribute
t7ekkem,تحكم,,contrôle,control
sellem,سلم,,convertir à l'islam,convert to Islam
tayyeb,طيب,,cuisinier,cook
t3awn,تعاون,,coopérer avec,cooperate with
sellek,سلك,,chape,cope
n9el,نقل,,copie (à la main),copy (by hand)
nsekh,نسخ,,copie (photocopie),copy (photocopy)
se7e7,صحح,,correct,correct
siwa,سوا,,Coût,cost
k7ob,كحب,,la toux,cough
7asab,حسب,,compter,count
5cha,خشا,,fourrer dans,cram into
7me9,حمق,,"fou, être","crazy, to be"
7emme9,حمق,,"fou, faire","crazy, to make"
5le9,خلق,,créer (action de Dieu),create (God's action)
9te3,قطع,,Carrefour),cross (road)
le9em,لقّم,,croiser,cross-breed
bka,بكا,,pleurer,cry
bekka,بكا,,"pleurer, faire","cry, to make"
dawa,داوا,guérir,cure
bra,برا,,"guéri, être","cured, to be"
fsel,فصل,,couper (un motif de tissu),cut (a pattern from cloth)
7sen,حسن,,couper les cheveux,cut hair
tjre7,تجرح,,"coupé ou blessé, être","cut or injured, to be"
9te3,قطع,,"couper, acheter un billet","cut, buy a ticket"
jre7,جرح,,"couper, blesser, blesser (peau)","cut, injure, wound (skin)"
5ser,خسر,,dommage,damage
fzeg,فزڭ,,"humide, pour obtenir","damp, to get"
fezzeg,فزڭ,,humidifier,dampen
chte7,شطح,,Danse,dance
semmek,صمك,,assourdir,deafen
t3aml m3a,تعامل معا,,traiter avec s.o.,deal with s.o.
9errer,قرر,,décider,decide
3len,علن,,déclarer,declare
n9es,نقص,,diminution,decrease
hda,هدا,,consacrer,dedicate
ghleb,غلب,,défaite,defeat
dafe3,دافع,,défendre,defend
t7edda,تحدا,,defier,defy
3ettel,عطل,,retard,delay
7errem,حرم,,priver,deprive
hbet,هبط,,descendre,descend
nzel,نزل,,"descendre, descendre","descend, get off"
wsef,وصف,,décrire,describe
sta7e9,ستحق,,mériter,deserve
5ettet,خطط,,conception,design
hdem,هدم,,détruire,destroy
tawer,طور,,développer,develop
mat,مات,,mourir,die
5talef,ختلف,,différer),differ (from)
tkerfes 3la,تكرفس علا,,"difficile pour s., faire","difficult for s.o., to make"
7fer,حفر,,creuser,dig
hdem,هضم,,digérer,digest
wejjeh,وجّه,,direct,direct
twse5,توسخ,,"sale, pour obtenir","dirty, to get"
wesse5,وسخ,,"sale, faire","dirty, to make"
ghab,غاب,,"disparaître, être absent","disappear, to be absent"
addeb,أدب,,la discipline,discipline
ktachef,كتشف,,découvrir,discover
na9ech,ناقش,,discuter,discuss
dweb,دوب,,dissoudre,dissolve
be3ed,بعد,,se distancer (de),distance oneself (from)
ferre9,فرق,,distribuer,distribute
9essem,قسم,,diviser,divide
tle9,طلق,,divorce,divorce
da5,داخ,,"étourdi, pour obtenir","dizzy, to get"
dwe5,دوخ,,"étourdi, faire","dizzy, to make"
rsem,رسم,,dessiner,draw
jbed,جبد,,dessiner (eau d'un puits),draw up (water from a well)
,حلم ب,,rêver,dream
,تفركس,,s'habiller,dress up
,شرب,,boisson,drink
,شرّب,,"boire, faire","drink, to make"
,قطر,,goutte,drip
,صاگ (صوگ),,conduire,drive
,طيّح,,"déposer, faire tomber","drop, to make fall"
,غرق,,noyer,drown
,سكر,,"ivre, pour avoir","drunk, to get"
,جفّف,,sec (un sol humide),dry (a wet floor)
,نشّف,,sec,dry s.t.
,نشف,,"sec, pour obtenir","dry, to get"
,صبغ,,colorant,dye
,صوّر,,gagner de l'argent,earn money
,كلى,,manger,eat
,فطر,,prendre le petit déjeuner,eat breakfast
,تعشّى,,manger le dîner,eat dinner
,تغدّى,,déjeuner,eat lunch
,قتَصد,,économiser,economize
,نتَخب,,élire,elect
,حشّم,,embarrasser s.o.,embarrass s.o.
,حشم,,embarrassé d'être,"embarrassed, to be"
,عانق,,embrasse,embrace
,هاجر,,"émigrer, migrer","emigrate, migrate"
,خوى,,"vide, évacuer","empty, evacuate"
,شجّع,,encourager,encourage
,تبرع,,profiter de quelque chose,enjoy something
,تسجّل,,inscrire,enroll
,دخل,,entrer,enter
,حسد,,envie,envy
,"مسح , محى",,effacer,erase
,هرب,,"échapper, fuir","escape, flee"
,قدّر,,estimation,estimate
,خرّج,,"expulser, expulser","evict, deport"
,تطوّر,,évoluer,evolve
,بالغ,,exagérer,exaggerate
,تبادل معَ,,échange,exchange
,صرّف,,"échanger de l'argent, de l'argent","exchange money, cash"
,عرض,,exposition,exhibit
,خرج,,sortie,exit
,غلى,,"cher, pour obtenir","expensive, to get"
,تقاضى,,expirer,expire
,شرح,,Explique,explain
,فرگع,,exploser,explode
,ستَغل,,exploit,exploit
,صدّر,,exportation,export
,تخلّص من,,exterminer,exterminate
,تقابل معَ,,visage,face
,سهّل,,"faciliter, rendre facile","facilitate, make easy"
,سقط,,échouer,fail
,سخف,,perdre connaissance,faint
,زوّر,,"faux, forge, falsifie","fake, forge, falsify"
,طاح,,tomber,fall
,حزق,,Pet,fart
,صام (صوم),,vite,fast
,وكّل,,alimentation,feed
,علّف,,fourrage,feed fodder
,حسّ,,ressentir,feel
,خمّر,,fermenter,ferment
,"دبز, تدابز",,bats toi,fight
,عمّر,,"remplir, remplir (c'est-à-dire un formulaire)","fill, fill out (i.e., a form)"
,صفّى,,filtre,filter
,موّل,,la finance,finance
,لقى,,trouver,find
,"سالى , كمّل",,terminer,finish
,تسالى,,"fini, être","finished, to be"
,صيّد,,"pêcher, chasser","fish, hunt"
,صلح,,"réparer, réparer","fix, repair"
,گرّص,,aplatir (pain),flatten (bread)
,تغزّل ب,,flatter (une femme),flatter (a female)
,قلب,,retourner,flip
,طار,,mouche,fly
,طوى,,plier,fold
,تبع,,suivre,follow
,حرّم,,interdire,forbid
,فرع,,forcer ouvert,force open
,تنبّأ,,prédire,foretell
,نسى,,oublier,forget
,سمح,,pardonner,forgive
,"حرّر , طلق",,"libre, libère","free, liberate"
,جمد,,Geler,freeze
,جمّد,,geler quelque chose,freeze something
,قلى,,frire,fry
,حقّق,,remplir à,fulfill s.t.
,شبع,,"plein (de nourriture), être","full (of food), to be"
,"ضحك , نشط",,amusant de faire,"fun of, to make"
,كسب,,Gain,gain
,قمّر,,pari,gamble
,جتمع,,"rassembler (personnes, avoir une réunion)","gather (people, have meeting)"
,جمع,,"rassembler (choses), collecter, emballer","gather (things), collect, pack"
,حنزز,,regard,gaze
,عمّم,,généraliser,generalize
,ولّد,,produire,generate
,تهنّى من,,se débarrasser de,get rid of
,ناض,,"se lever, se lever","get up, stand up"
,ولّف,,"s'y habituer, s'y habituer","get used to, accustomed to"
,عطى,,donner,give
,رجّع,,redonner,give back
,خنزر ف,,éblouissement,glare at
,"لمع , ضوى",,lueur,gleam
,لصّق,,"colle, coller, coller, coller","glue, paste, tape, affix"
,مشى,,aller,go
,بَعَّد من,,,go away from
,هضر ف,,,gossip about
,حكم على,,,govern
,"قبط , شدّ",,,grab
,قبط,,,grab
,رعى,,,graze
,سلّم,,,greet
,تسالم,,,greet one another
,شوى (شوى),,,"grill, barbecue"
,طحن,,,grind
,كبر,,,"grow, get older"
,ضمن,,,guarantee
,عسّ,,,guard
,مدّ,,,hand
,علّق,,,hang
,جرى,,,"happen, occur"
,فرح,,,"happy, to be"
,فرّح,,,"happy, to make"
,حصد,,,harvest
,تفقّص,,,hatch
,كره,,,"hate, dislike"
,شفى,,,heal
,سخّن,,,heat
,عاون,,,help
,سرح,,,herd
,تردّد,,,hesitate
,تخبّى,,,hide (oneself)
,خبّى,,,hide (something)
,ضرب,,,hit
,تضرب,,,"hit, to be"
,شدّ,,,hold
,شرّف,,,honor
,تمنّى,,,"hope, wish"
,سكّن,,,house
,عنّق,,,hug
,تعانق,,,hug one another
,جاع,,,"hungry, to be"
,زرب,,,"hurry, rush"
,ميّك على,,,ignore
,"تصوّر , تخايل",,,imagine
,قلّد,,,imitate
,ستَورد,,,import
,فرض,,,impose
,سجن,,,imprison
,"حسّن , تحسّن",,,"improve, make better"
,رتَجل,,,improvise
,بيّن,,,indicate
,عادى,,,infect
,"علم , خبر",,,inform
,ورت,,,inherit
,فتّش,,,inspect (education)
,"بلاصى (بلاصي) , ركّب",,,install
,"عاير , سبّ",,,insult
,دمج,,,integrate
,هتّم,,,interest
,تدخّل,,,interfere
,قاطع,,,interrupt
,قدّم,,,introduce
,ختَرع,,,invent
,عرض,,,invite
,حدّد,,,iron
,"سگى (سگي) , سقى",,,"irrigate, water"
,قلّق,,,irritate
,تقلّق,,,"irritated, to be"
,"همّش , عزل",,,isolate
,تات بان ليا,,,it appears to me
,غار (غير),,,"jealous of, to be"
,"حكم على , حاسب",,,judge
,نقّز,,,jump
,برّر,,,justify
,"حتَفض ب , حافض على",,,keep
,"شات (شوت) , قدف",,,kick (a ball)
,خطف,,,kidnap
,باس (بوس),,,kiss
,عجن,,,knead
,عرف,,,know
,"بقى , دام (دوم)",,,last (time)
,تعطّل,,,"late, to be"
,عطّل,,,"late, to make"
,ضحك,,,"laugh, joke"
,حطّ,,,"lay down, place, put"
,بيّض,,,lay eggs
,تزعّم,,,lead
,سال (سيل),,,leak
,تكّى على,,,lean on
,تعلّم,,,learn
,خلّى,,,"leave alone, leave behind"
,سلّف,,,"lend, loan"
,طوّل,,,lengthen
,قلّل,,,lessen
,طلق من,,,"let go of, release"
,كدب,,,"lie, deceive (s.o.)"
,شعل,,,light
,خفّف,,,lighten (weight)
,عرج,,,limp
,سطّر,,,"line, to draw a"
,سمع,,,"listen, hear"
,عاش,,,"live, be alive"
,سكن,,,"live, reside"
,سورت,,,lock
,تشابه,,,look alike
,تلفّت,,,look behind
,حگر,,,look down (on s.o.)
,طلّ,,,look out (a window)
,قلّب,,,"look, search (for)"
,بان بحال,,,"looks like, appears as if"
,رخف,,,loosen
,"وضّر , تلّف",,,lose
,خسر,,,"lose (i.e., a game)"
,توضّر,,,"lost, to be"
,نزّل,,,lower
,حافض على,,,maintain
,دار,,,make
,حمّق,,,make crazy
,صدع,,,make noise
,تحكّم,,,manipulate
,صنع,,,"manufacture, craft"
,نقّط,,,mark
,تزوّج,,,marry
,زوّج,,,marry off (a daughter)
,كسّل,,,massage
,عنى,,,mean
,عبر,,,measure
,توسّط,,,mediate
,تلاقى,,,meet
,داب (دوب),,,"melt, thaw"
,حفض,,,memorize
,كرفس,,,"mess up, mistreat"
,حلب,,,milk
,غلط,,,"mistake, to make a"
,خلّت,,,mix
,حضى,,,monitor (exam)
,حتَكر,,,monopolize
,حفّز,,,motivate
,"تحرّك , تكحّز",,,move
,تحوّل,,,move residence
,"حرّك , كحّز",,,move s.t.
,قتل,,,"murder, kill"
,سمّى,,,name
,حتاج,,,need
,خصّ,,,"need, must, should"
,فّرط,,,neglect
,رشّح,,,nominate
,لاحض,,,notice
,لاحض,,,"notice, observe"
,طاع,,,obey
,عارض,,,object
,بزّز على,,,oblige
,حتلّ,,,occupy
,وقع,,,occur
,هدى,,,offer
,زيّت,,,oil
,حلّ,,,open
,فتح,,,operate (surgery)
,عدّب,,,oppress
,خمّل,,,organize
,تغلّب,,,overcome
,تسال,,,owe
,سال,,,"owed, to be"
,هدّن,,,pacify
,تخلّص,,,"paid, to be"
,صبغ,,,paint
,بلاصى,,,park (a car)
,شارك,,,participate (in)
,"داز, فات (فوت)",,,"pass, pass by"
,صبر,,,"patient, to be"
,"خلّص , دفع",,,pay
,ردّ ل,,,pay back
,قشّر,,,peel
,تقشّر,,,peel (skin)
,خلّى,,,"permit, let, allow"
,قنع,,,"persuade, satisfy"
,صوّر,,,"photograph, take picture"
,تصوّر,,,"photographed, to be"
,جني,,,pick (light fruit)
,هزّ,,,pick up
,تقب,,,pierce
,عرّم,,,pile up
,خطّط,,,plan
,زرع,,,plant
,لعب,,,play
,حرت,,,plow
,ريّش,,,pluck
,سمّم,,,poison
,تسمّم,,,"poisoned, to be"
,لوّت,,,pollute
,ملك,,,"possess, own"
,أجّل,,,postpone
,كبّ,,,pour
,طبّق,,,practice
,مدح,,,praise
,سبق,,,"precede, go ahead of, in front of"
,فضّل,,,prefer
,حضر,,,"present, to be"
,ضغط,,,pressure
,بيّن بلّي,,,pretend
,طبع,,,print
,نتج,,,produce
,"قدر, قدّ",,,"able, to be"
,سقّط,,,abort (a fetus)
,شرب,,,absorb
,قبل,,,accept
,حقّق,,,accomplish
,تّهم,,,accuse
,تعوّد,,,accustom
,ضرّ,,,"ache, to have pain"
,عتَرّف ب,,,acknowledge
,تعارف معَ,,,"acquaint with, become acquainted"
,زاد,,,"add, increase"
,تبنّى,,,"adopt (a child, an idea)"
,مات على,,,"adore, die for"
,تقدّم,,,"advance, progress"
,نصح,,,advise
,أتّر على,,,affect
,خاف,,,"afraid (of), to be"
,شرف,,,age (get old)
,تّافق,,,agree (with)
,"ضحّك , نشّط",,,amuse
,حلّل,,,analyze
,تقلّق,,,"angry or upset, to be"
,صدّع,,,annoy
,جاوب,,,"answer, respond"
,بان,,,appear
,صفّق,,,applaud
,طبّق,,,"apply (a rule, idea)"
,قدّم طَلَب,,,apply for a job
,عيّن,,,appoint
,قرّب,,,approach
,تخاصم,,,argue (with s.o.)
,رتّب,,,arrange
,"حبس , شدّ",,,arrest (someone)
,وصل,,,arrive
,وصّل,,,"arrive, to make, give a ride"
,طلع,,,"ascend, climb, get on"
,سوّل,,,ask (about)
,خطب,,,"ask in marriage, get engaged"
,هجم على,,,attack
,حاول,,,"attempt, try"
,حدر,,,attend
,"ردّ البال , حضى راسو",,,"attention, to pay"
,تجنّب,,,avoid
,تفلّى,,,banter
,تشطّر,,,bargain
,نبح,,,bark
,تحمّم,,,bathe
,كان,,,be
,حمق,,,be crazy
,يمكن,,,be possible
,تكلّف,,,be responsible (for)
,طبّل,,,beat (a drum)
,ولّى,,,become
,تصاحب,,,befriend
,رغب,,,beg
,بدى,,,begin
,تگرّع,,,"belch, burp"
,أمن,,,believe (in)
,تيّق,,,believe someone
,ستّفد,,,benefit (from)
,غدر,,,betray
,كبّر,,,"bigger, to make, magnify"
,ولد,,,"birth, to give"
,عضّ,,,bite
,نفخ,,,blow up (with air)
,غلّى,,,boil
,ملّ,,,"bored, to be"
,تزاد,,,"born, to be"
,تسلّف,,,borrow
,حدر,,,bow
,هرّس,,,break
,تخسّر,,,break down (a machine)
,تنفّس,,,breathe
,جاب,,,bring
,تهرّس,,,"broken, to be"
,مشط,,,brush (hair)
,بنى,,,build
,حرق,,,burn
,تحرق,,,"burnt, to be"
,تفرگع,,,burst (pipe)
,دفن,,,bury
,شرى,,,buy
,عيّط,,,call
,تهنّى,,,"calm, to be"
,خيّم,,,camp
,هزّ,,,"carry, lift, raise"
,نقش,,,carve (wood)
,"خلط على , لحق على",,,catch up (with)
,"شدّ , قبط",,,"catch, hold, capture"
,"سبّب , تسبّب ف",,,cause
,حتَفل ب,,,celebrate
,راقب,,,"censor (media, information, film)"
,"بدّل , غيّر",,,change
,"تبدّل , تغيّر",,,"change (weather), to be changed"
,تكلّف,,,"charge of, to be in"
,غشّ,,,cheat
,نقل,,,cheat (exam)
,شمت,,,cheat out of
,مضغ,,,chew
,مخض,,,churn
Herniss,,,,
Intirnet ,,,,
Itrou ,,,,
Jabador ,,,,
Jabile ,,,,
Jadarmi ,,,,
Jakita ,,,,
Janta ,,,,
Jarda ,,,,
Jenyor ,,,,
Jidorange ,,,,
Jippa ,,,,
jmafou ,,,,
Jonglaje,,,,
Jornal ,,,,
jwanate,,,,
Jwane ,,,,
jwane quilace ,,,,
Jwilla ,,,,
9abtane,,,,
kachir ,,,,
Kamira ,,,,
Kamiyyo ,,,,
Kammème ,,,,
kanbou,,,,
Kandironjik ,,,,
kaneta,,,,
Kantchatti ,,,,
Karouila ,,,,
Karrossa,,,,
Kartoucha ,,,,
Kasketa ,,,,
Kasseta ,,,,
Kawatchou ,,,,
Kayberdi ,,,,
Kerrata ,,,,
kika ,,,,
kilote ,,,,
Kina ,,,,
Klaketta,,,,
Kninir ,,,,
Kofra ,,,,
Kolomit ,,,,
Kombilizou ,,,,
Korba ,,,,
9ossini ,,,,
Kotlite ,,,,
Kouippa ,,,,
Koumandi ,,,,
Kouninique ,,,,
Kouninix ,,,,
koutpi ,,,,
Kroizma ,,,,
krouchi,,,,
Krtabla ,,,,
Kssida ,,,,
Kwafour ,,,,
kwipa,,,,
L'ambbane ,,,,
L9achla ,,,,
L9ass ,,,,
La jounisse ,,,,
La troussa ,,,,
Lababou ,,,,
labani ,,,,
Labiassoune ,,,,
Labilance ,,,,
Laboti ,,,,
lacab ,,,,
laciane,,,,
Lacrime ,,,,
Ladrissa ,,,,
Laféray ,,,,
Lafermière ,,,,
Lafizite ,,,,
Lafoute ,,,,
lagrice ,,,,
laglasse,,,,
Lajoudane ,,,,
Lakabe ,,,,
laktone ,,,,
Lalmane ,,,,
Lalouwa ,,,,
Lamba ,,,,
Lambriyage,,,,
laminiou ,,,,
Lamouzik ,,,,
Lanciyanate,,,,
Lanejolovère ,,,,
langri ,,,,
Lankoul ,,,,
Lanterre ,,,,
Lantiriss ,,,,
Lantrima ,,,,
laparay ,,,,
lapissine ,,,,
laraf ,,,,
Larbit ,,,,
Laricou ,,,,
larmonica ,,,,
Lasarge ,,,,
Lasetique ,,,,
Lasosse ,,,,
lassian ,,,,
Lassorance ,,,,
Lassorté ,,,,
lavisselle ,,,,
lbainouar,,,,
Lbarazète,,,,
lbartma ,,,,
Lbatri ,,,,
lbayasse ,,,,
Lbbandi ,,,,
lbergma ,,,,
lbidanci,,,,
Lbidgi ,,,,
Lbiltane ,,,,
Lbirmi ,,,,
lbis ,,,,
lbissri ,,,,
Lbiyyi ,,,,
lbolangé,,,,
Lbortabel ,,,,
Lbosta ,,,,
Lboutiyyou ,,,,
Lbrika ,,,,
Lbartkiz ,,,,
Lcarta ,,,,
Lcofere ,,,,
Lcotlit ,,,,
Lcourti ,,,,
ldigradi,,,,
Lejou ,,,,
Lézigou ,,,,
Lfagoune ,,,,
Lfidiou ,,,,
Lfirage ,,,,
l'firiti ,,,,
Lfitre ,,,,
Lforma ,,,,
Lforno,,,,
Lfouriyane ,,,,
Lfrachet ,,,,
Lfransis ,,,,
lfrizi ,,,,
Lfrite ,,,,
Lgamila ,,,,
Lgrima ,,,,
lgro ,,,,
Lgrone ,,,,
lgrouwa,,,,
Lguèz ,,,,
lguerrouj ,,,,
Libwa ,,,,
licance,,,,
Likobtère ,,,,
Limiche ,,,,
Lingalizassioune ,,,,
Lingri,,,,
lintrite ,,,,
Lissance ,,,,
Lissi ,,,,
Lissi passi ,,,,
lista ,,,,
Lizindiyane ,,,,
Lkaryane ,,,,
lkayass ,,,,
lkokote ,,,,
Lkorfi ,,,,
Lkoufitire ,,,,
lkoulla,,,,
Lkoussanate ,,,,
lmadame ,,,,
Lmaleta ,,,,
Lmanda ,,,,
lmanda,,,,
Lmandari,,,,
lmanéta ,,,,
Lmarchi ,,,,
Lmarrok ,,,,
lmatariane,,,,
Lmatricoule ,,,,
lmikaniciane,,,,
Lmirikane ,,,,
Lmitrou ,,,,
lmizeria ,,,,
lmnoune ,,,,
Lmobéta ,,,,
Lmoliyyate ,,,,
Lmostache ,,,,
Lmouble ,,,,
lorma ,,,,
Lorope ,,,,
Lotel ,,,,
Lotissma,,,,
Loto ,,,,
Louzine ,,,,
lparasol ,,,,
lpince ,,,,
lranje ,,,,
Lvitrina ,,,,
Machina ,,,,
Macronia ,,,,
Magaza ,,,,
Makina,,,,
makiyaje ,,,,
mandarina,,,,
Mannak ,,,,
manouvri ,,,,
Marchariane,,,,
Marchi kriou ,,,,
Marca ,,,,
Marmeta ,,,,
Martobe ,,,,
matrikul,,,,
Mazote,,,,
Mballi ,,,,
Mblissi ,,,,
mbloki ,,,,
mbouché,,,,
mchomer ,,,,
Mcoinci ,,,,
mechcha ,,,,
mforé ,,,,
Ménioule ,,,,
Messyou ,,,,
Mezika ,,,,
mgagi,,,,
mgrissi,,,,
Mika ,,,,
mikkiyate,,,,
Milla ,,,,
Milfaya ,,,,
Minitire ,,,,
Minote ,,,,
Mirna ,,,,
Mitowale ,,,,
Mitrou,,,,
Mizi,,,,
mnirvi,,,,
monada,,,,
motarde ,,,,
mounica ,,,,
moullieuteno ,,,,
Mountif ,,,,
Moutour ,,,,
mréziga ,,,,
Mriguel ,,,,
msenter ,,,,
mserkel ,,,,
msoféj,,,,
msouger ,,,,
Mssouri ,,,,
Mzerti ,,,,
Mzzika ,,,,
Neglizi ,,,,
Nemra ,,,,
Nif ,,,,
Nimiro dtilifone ,,,,
Nemra,,,,
Oronji ,,,,
Oulimane ,,,,
Paleta ,,,,
palmates ,,,,
paltofa,,,,
pamor,,,,
Pamort ,,,,
Pantalo ,,,,
Parkine ,,,,
patanat ,,,,
Patronne ,,,,
pédalat ,,,,
pekala ,,,,
pélota ,,,,
piéca,,,,
pilanti ,,,,
Pille ,,,,
Piniza ,,,,
Pipa ,,,,
Plancha ,,,,
Pipi ,,,,
plaquetta,,,,
Plastika ,,,,
Pnou,,,,
Pocheta ,,,,
Pommada ,,,,
Ponja ,,,,
Poplapon ,,,,
Portecliyyate ,,,,
Posterates ,,,,
Poupouya,,,,
Pouvriyya ,,,,
Proumiane,,,,
Proutigi ,,,,
proumière métta,,,,
Ptipana ,,,,
Radiounne ,,,,
raketa ,,,,
Ramppa ,,,,
Randivou ,,,,
Raya ,,,,
Rayyonates ,,,,
Recibo,,,,
Remoke ,,,,
Restora ,,,,
Ridou ,,,,
Rijime ,,,,
Rissiptour,,,,
Riviya ,,,,
Robini ,,,,
rolma,,,,
Rondellate ,,,,
Roulou ,,,,
Roune ,,,,
Routal ,,,,
Rweda ,,,,
Sabouna ,,,,
Safi ,,,,
salgot ,,,,
Saligani ,,,,
Sandala ,,,,
Sandé ,,,,
Sandriyi ,,,,
Sansour ,,,,
Santème ,,,,
santrale ,,,,
sardil,,,,
Sarjeur ,,,,
Sbardila ,,,,
Sbiritou ,,,,
Sbissial ,,,,
Sbitar ,,,,
Semana ,,,,
serbay ,,,,
Serbisse ,,,,
Serbita ,,,,
Sérféte ,,,,
Seroual 9andrissa ,,,,
Sertafica ,,,,
Sertafica,,,,
Sictoure ,,,,
Sidi ,,,,
Sikiriti ,,,,
Silikssiouna ,,,,
Silissioune ,,,,
siloufane ,,,,
Siloune ,,,,
Simarmouk ,,,,
Sinyale ,,,,
sipir marchi ,,,,
Sitirna,,,,
Sizi ,,,,
Skolétte ,,,,
Skouila ,,,,
Sobba ,,,,
Socite,,,,
Sonepipin ,,,,
Soubbir loux ,,,,
Soudour ,,,,
Souiyyek ,,,,
Soulima ,,,,
Soumija,,,,
Soumila,,,,
Soupira ,,,,
Soupissa ,,,,
Sourci,,,,
Souttiyamate ,,,,
Souvitma ,,,,
Spicteur ,,,,
Srdine ,,,,
Ssiyyi ,,,,
Stafite ,,,,
Stafite ,,,,
Stagère ,,,,
Stalassioun ,,,,
Stali ,,,,
Stilou ,,,,
Suiglasses ,,,,
Tabboze ,,,,
Tabla ,,,,
tablia ,,,,
Tablo ,,,,
tacherone ,,,,
Tamara ,,,,
tansiou ,,,,
Tanssiyou ,,,,
Tapi ,,,,
Tappiya ,,,,
Tarifa ,,,,
Tassa,,,,
Taubba ,,,,
tbogissa ,,,,
Tchoumira ,,,,
tconnecta,,,,
Teciri ,,,,
Tenber ,,,,
Ténifoule ,,,,
Tgrissite ,,,,
Ticarbone ,,,,
Tide ,,,,
Tikita ,,,,
Tiknik ,,,,
Tiliboutik ,,,,
Tilicommode ,,,,
Tilifiziyoun ,,,,
Tilifoun,,,,
Tingrafa ,,,,
tinissa,,,,
Tinnissa ,,,,
tiri ,,,,
Tirkoise ,,,,
